,From,To,Capacity,Length (ft),u_f (mph),k_j (veh/mi)
0,2,359,5000,62296.8984375,70,480.0
1,3,360,5000,22417.400390625,70,720.0
2,3,361,5000,35648.3984375,70,240.0
3,4,362,5000,14152.7001953125,70,480.0
4,4,363,5000,78040.8984375,70,240.0
5,5,364,5000,29969.900390625,70,480.0
6,5,365,5000,9380.4501953125,70,240.0
7,6,195,5000,130730.0,70,240.0
8,6,366,5000,35243.80078125,70,240.0
9,7,280,5000,22024.900390625,70,240.0
10,7,367,5000,6127.89013671875,70,240.0
11,8,368,5000,54059.19921875,70,240.0
12,8,369,5000,57100.6015625,70,240.0
13,9,262,5000,24945.30078125,70,480.0
14,9,370,5000,13143.400390625,70,240.0
15,10,371,5000,113887.0,70,240.0
16,11,372,5000,70551.796875,70,240.0
17,12,373,5000,740.1950073242188,70,240.0
18,12,374,5000,12105.7001953125,70,240.0
19,13,304,5000,115214.0,70,240.0
20,13,375,5000,11132.5,70,480.0
21,14,279,5000,41216.19921875,70,480.0
22,15,113,5000,8682.0,70,480.0
23,15,251,5000,18421.80078125,70,360.0
24,16,376,5000,52049.69921875,70,480.0
25,16,377,5000,913.6900024414062,70,240.0
26,17,378,5000,39455.8984375,70,240.0
27,17,379,5000,2648.860107421875,70,240.0
28,18,380,5000,28355.30078125,70,240.0
29,18,381,5000,23623.5,70,240.0
30,19,382,5000,10859.599609375,70,240.0
31,19,383,5000,8573.58984375,70,240.0
32,20,384,5000,6583.5498046875,70,480.0
33,20,385,5000,20948.0,70,240.0
34,21,386,5000,18760.69921875,70,120.0
35,22,327,5000,109724.0,70,240.0
36,22,387,5000,1227.699951171875,70,240.0
37,23,388,5000,155313.0,70,240.0
38,24,389,5000,121440.0,70,480.0
39,24,390,5000,6630.2001953125,70,360.0
40,25,182,5000,73759.203125,70,480.0
41,25,185,5000,54966.0,70,480.0
42,25,186,5000,48002.0,70,480.0
43,26,303,5000,16287.2998046875,70,240.0
44,26,391,5000,2550.010009765625,70,240.0
45,27,392,5000,105513.0,70,480.0
46,28,275,5000,59317.6015625,70,360.0
47,28,393,5000,14288.400390625,70,240.0
48,29,394,5000,87211.5,70,240.0
49,29,395,5000,61539.3984375,70,240.0
50,30,229,5000,34213.8984375,70,240.0
51,30,396,5000,29364.099609375,70,240.0
52,31,397,5000,119655.0,70,240.0
53,31,398,5000,11560.099609375,70,240.0
54,32,399,5000,36554.8984375,70,240.0
55,32,400,5000,11148.5,70,240.0
56,33,201,5000,45210.19921875,70,240.0
57,33,401,5000,6310.31982421875,70,240.0
58,34,402,5000,58943.3984375,70,240.0
59,35,176,5000,68542.703125,70,480.0
60,35,403,5000,24728.5,70,480.0
61,36,198,5000,66476.703125,70,480.0
62,36,200,5000,68902.3984375,70,480.0
63,37,404,5000,65411.30078125,70,480.0
64,37,405,5000,92401.203125,70,240.0
65,38,406,5000,15678.599609375,70,480.0
66,38,407,5000,57578.80078125,70,480.0
67,39,402,5000,40341.6015625,70,240.0
68,39,408,5000,12649.099609375,70,240.0
69,40,224,5000,74324.5,70,240.0
70,40,288,5000,105514.0,70,480.0
71,41,409,5000,105218.0,70,480.0
72,42,410,5000,15018.599609375,70,480.0
73,42,411,5000,6408.10009765625,70,240.0
74,43,412,5000,12040.0,70,240.0
75,43,413,5000,156956.0,70,240.0
76,44,414,5000,21078.099609375,70,240.0
77,44,415,5000,158229.0,70,240.0
78,45,163,5000,94122.1015625,70,240.0
79,45,416,5000,3773.5400390625,70,240.0
80,46,417,5000,5553.52978515625,70,480.0
81,46,418,5000,100169.0,70,240.0
82,47,419,5000,4096.02001953125,70,480.0
83,48,349,5000,122796.0,70,240.0
84,48,420,5000,26894.80078125,70,480.0
85,49,183,5000,59576.0,70,240.0
86,49,301,5000,50823.19921875,70,240.0
87,49,421,5000,29605.5,70,720.0
88,49,422,5000,2375.14990234375,70,480.0
89,49,534,5000,16438.80078125,70,240.0
90,50,294,5000,9649.4296875,70,240.0
91,50,423,5000,21063.900390625,70,480.0
92,51,424,5000,1813.829956054688,70,480.0
93,51,425,5000,98250.203125,70,240.0
94,52,426,5000,131814.0,70,240.0
95,52,427,5000,279.6470031738281,70,240.0
96,53,428,5000,4765.330078125,70,480.0
97,54,429,5000,7380.169921875,70,240.0
98,54,430,5000,138464.0,70,240.0
99,55,431,5000,1506.739990234375,70,480.0
100,55,432,5000,2857.77001953125,70,240.0
101,56,237,5000,52208.6015625,70,480.0
102,56,433,5000,17103.19921875,70,480.0
103,57,322,5000,147004.0,70,240.0
104,57,434,5000,46666.80078125,70,240.0
105,58,435,5000,40610.30078125,70,240.0
106,59,436,5000,2378.030029296875,70,240.0
107,59,437,5000,104979.0,70,240.0
108,60,367,5000,112032.0,70,240.0
109,60,438,5000,58235.30078125,70,240.0
110,61,129,5000,151205.0,70,240.0
111,61,439,5000,7290.6298828125,70,360.0
112,62,440,5000,25119.900390625,70,240.0
113,62,441,5000,120482.0,70,240.0
114,63,442,5000,132084.0,70,240.0
115,63,443,5000,115689.0,70,240.0
116,64,444,5000,14529.7001953125,70,240.0
117,64,445,5000,38555.69921875,70,240.0
118,65,446,5000,2674.85009765625,70,480.0
119,65,447,5000,45564.0,70,480.0
120,66,319,5000,56443.69921875,70,480.0
121,66,448,5000,3025.590087890625,70,240.0
122,67,449,5000,29782.80078125,70,240.0
123,67,530,5000,145600.0,70,240.0
124,68,419,5000,138294.0,70,480.0
125,68,450,5000,10970.400390625,70,240.0
126,69,451,5000,117536.0,70,240.0
127,69,452,5000,39418.69921875,70,240.0
128,70,453,5000,13306.7001953125,70,480.0
129,70,454,5000,8420.6103515625,70,240.0
130,71,408,5000,61948.0,70,480.0
131,71,455,5000,4731.75,70,480.0
132,72,456,5000,6558.22998046875,70,240.0
133,72,457,5000,7095.169921875,70,240.0
134,73,433,5000,90349.796875,70,480.0
135,73,458,5000,2362.14990234375,70,480.0
136,74,240,5000,35116.30078125,70,240.0
137,74,459,5000,23138.099609375,70,240.0
138,75,460,5000,26034.400390625,70,240.0
139,75,461,5000,62371.8984375,70,240.0
140,76,243,5000,22298.69921875,70,240.0
141,76,462,5000,114130.0,70,480.0
142,77,285,5000,64820.69921875,70,240.0
143,77,463,5000,28105.5,70,240.0
144,78,464,5000,110487.0,70,240.0
145,78,465,5000,6055.64013671875,70,240.0
146,79,290,5000,1532.81005859375,70,240.0
147,79,466,5000,120818.0,70,240.0
148,80,467,5000,133881.0,70,240.0
149,80,468,5000,110137.0,70,240.0
150,81,469,5000,109760.0,70,240.0
151,81,470,5000,74166.1015625,70,240.0
152,82,471,5000,59872.69921875,70,240.0
153,83,472,5000,24531.0,70,240.0
154,83,473,5000,1746.569946289062,70,240.0
155,84,281,5000,157236.0,70,240.0
156,84,474,5000,3924.669921875,70,240.0
157,85,475,5000,32277.5,70,240.0
158,85,476,5000,23695.0,70,240.0
159,86,477,5000,78939.0,70,240.0
160,86,478,5000,70357.203125,70,240.0
161,87,434,5000,38342.8984375,70,720.0
162,88,479,5000,54569.30078125,70,240.0
163,88,480,5000,123432.0,70,240.0
164,89,481,5000,90081.8984375,70,240.0
165,89,482,5000,48822.69921875,70,240.0
166,90,246,5000,27543.80078125,70,480.0
167,90,483,5000,288.4089965820312,70,240.0
168,91,468,5000,145049.0,70,240.0
169,91,484,5000,5458.31005859375,70,240.0
170,92,485,5000,140034.0,70,240.0
171,92,486,5000,150643.0,70,240.0
172,93,487,5000,103888.0,70,240.0
173,93,488,5000,112242.0,70,480.0
174,94,489,5000,2204.02001953125,70,240.0
175,94,490,5000,82649.203125,70,240.0
176,95,390,5000,120800.0,70,240.0
177,95,491,5000,8805.2802734375,70,240.0
178,96,492,5000,38990.3984375,70,480.0
179,96,493,5000,16537.30078125,70,480.0
180,97,494,5000,9499.51953125,70,240.0
181,97,495,5000,65929.796875,70,360.0
182,98,218,5000,15836.2998046875,70,240.0
183,98,496,5000,2836.530029296875,70,240.0
184,99,408,5000,91306.8984375,70,480.0
185,99,497,5000,10092.2001953125,70,480.0
186,100,498,5000,325.6960144042969,70,480.0
187,100,499,5000,58938.3984375,70,240.0
188,101,500,5000,4004.860107421875,70,240.0
189,101,501,5000,49615.5,70,240.0
190,102,502,5000,1920.2099609375,70,240.0
191,102,503,5000,66323.203125,70,240.0
192,103,387,5000,33070.69921875,70,240.0
193,103,504,5000,15761.5,70,240.0
194,104,505,5000,926.5029907226562,70,480.0
195,104,506,5000,4784.64990234375,70,480.0
196,105,507,5000,95322.0,70,240.0
197,105,508,5000,10428.0,70,480.0
198,106,189,5000,86625.796875,70,240.0
199,106,509,5000,8086.31005859375,70,480.0
200,107,510,5000,11028.400390625,70,480.0
201,107,511,5000,104979.0,70,240.0
202,108,512,5000,5311.35009765625,70,480.0
203,108,513,5000,5002.4599609375,70,240.0
204,109,514,5000,47302.3984375,70,240.0
205,110,180,5000,42595.30078125,70,240.0
206,110,288,5000,13735.900390625,70,360.0
207,111,483,4000,4591.91015625,55,480.0
208,111,524,4000,2542.1201171875,50,480.0
209,112,1,360000,10.0,70,40000.0
210,112,113,4000,70942.8984375,70,480.0
211,113,15,4000,8682.0,45,480.0
212,113,112,4000,70942.8984375,70,480.0
213,113,251,4000,16231.7998046875,55,480.0
214,114,115,2000,107113.0,65,240.0
215,114,125,2000,36602.5,60,240.0
216,114,126,2000,2417.75,55,240.0
217,115,114,2000,107113.0,65,240.0
218,115,128,4000,82706.0,60,480.0
219,116,118,6000,2174.580078125,65,720.0
220,117,248,3000,1407.56005859375,55,360.0
221,118,116,6000,2174.580078125,65,720.0
222,118,248,14000,16016.7001953125,65,1680.0
223,118,299,4000,83290.6015625,65,480.0
224,119,239,4000,881.9310302734375,65,480.0
225,119,240,4000,2704.169921875,65,480.0
226,120,130,4000,9470.0302734375,70,480.0
227,120,320,4000,49504.19921875,70,480.0
228,120,389,2000,63013.6015625,70,240.0
229,121,321,2000,41315.5,75,240.0
230,121,389,3000,3622.5,55,360.0
231,121,390,2000,141587.0,75,240.0
232,122,123,4000,82714.296875,70,480.0
233,122,124,4000,28123.80078125,55,480.0
234,123,122,4000,82714.296875,70,480.0
235,123,302,2000,329.8290100097656,45,240.0
236,123,303,6000,9490.0595703125,40,720.0
237,124,122,4000,28123.80078125,55,480.0
238,124,493,4000,3875.25,75,480.0
239,124,526,4000,94995.296875,75,480.0
240,125,114,2000,36602.5,60,240.0
241,125,395,8000,72380.796875,75,960.0
242,126,114,2000,2417.75,55,240.0
243,127,348,4000,503.0090026855469,65,480.0
244,128,115,4000,82706.0,60,480.0
245,128,139,6000,49845.5,65,720.0
246,128,140,4000,44693.30078125,60,480.0
247,129,61,2000,151205.0,70,240.0
248,129,456,4000,7576.97998046875,55,480.0
249,130,120,4000,9470.0302734375,70,480.0
250,130,350,2000,115930.0,70,240.0
251,130,456,2000,112020.0,70,240.0
252,131,132,4000,39335.6015625,55,480.0
253,131,134,6000,32047.5,50,720.0
254,131,135,6000,2047.329956054688,55,720.0
255,132,131,4000,39335.6015625,55,480.0
256,133,292,6000,4213.14013671875,55,720.0
257,134,131,6000,32047.5,50,720.0
258,134,465,4000,39709.69921875,65,480.0
259,135,131,6000,2047.329956054688,55,720.0
260,136,520,4000,482.8869934082031,60,480.0
261,137,144,4000,7898.169921875,30,480.0
262,138,167,2000,18105.0,75,240.0
263,138,264,2000,193152.0,75,240.0
264,138,401,2000,65339.6015625,70,240.0
265,139,128,6000,49845.5,65,720.0
266,139,140,6000,26492.099609375,55,720.0
267,139,348,6000,34698.69921875,65,720.0
268,140,128,4000,44693.30078125,60,480.0
269,140,139,6000,26492.099609375,55,720.0
270,140,349,6000,29047.69921875,60,720.0
271,141,339,2000,1077.280029296875,75,240.0
272,142,340,4000,45.40010070800781,70,480.0
273,143,260,2000,293798.0,45,240.0
274,143,521,4000,7055.39013671875,40,480.0
275,144,137,4000,7898.169921875,30,480.0
276,144,160,4000,20667.30078125,35,480.0
277,144,521,6000,109195.0,65,720.0
278,145,333,4000,500.9289855957031,35,480.0
279,146,225,2000,21163.69921875,60,240.0
280,146,489,2000,154762.0,55,240.0
281,146,496,2000,160079.0,70,240.0
282,147,148,6000,24145.69921875,75,720.0
283,147,331,4000,119979.0,75,480.0
284,148,147,6000,24145.69921875,75,720.0
285,148,351,10000,116321.0,75,1200.0
286,148,429,2000,25836.900390625,65,240.0
287,149,289,2000,853.843994140625,65,240.0
288,150,344,4000,541.6279907226562,55,480.0
289,151,430,2000,240878.0,70,240.0
290,151,471,4000,55122.80078125,70,480.0
291,152,230,2000,31474.30078125,55,240.0
292,152,430,4000,16710.69921875,55,480.0
293,152,525,3000,58866.69921875,70,360.0
294,153,291,2000,131188.0,70,240.0
295,153,315,2000,18835.599609375,60,240.0
296,153,316,3000,12914.5,55,360.0
297,154,155,2000,87564.8984375,65,240.0
298,155,154,2000,87564.8984375,65,240.0
299,155,285,4000,44056.6015625,75,480.0
300,155,328,4000,45153.1015625,75,480.0
301,156,505,4000,116288.0,55,480.0
302,157,158,2000,64172.30078125,60,240.0
303,157,375,2000,174505.0,75,240.0
304,157,412,2000,51087.30078125,55,240.0
305,158,157,2000,64172.30078125,60,240.0
306,158,519,2000,10763.599609375,65,240.0
307,159,347,4000,252.8190002441406,60,480.0
308,160,144,4000,20667.30078125,35,480.0
309,160,509,2000,61872.5,55,240.0
310,160,520,4000,101054.0,65,480.0
311,161,189,8000,40862.8984375,55,960.0
312,161,509,2000,59223.69921875,55,240.0
313,162,531,2000,411.9200134277344,55,240.0
314,163,45,2000,94122.1015625,45,240.0
315,163,189,4000,24738.80078125,70,480.0
316,163,193,4000,91686.703125,75,480.0
317,163,531,2000,146927.0,55,240.0
318,164,1,360000,10.0,70,40000.0
319,164,266,4000,2144.43994140625,75,480.0
320,164,479,4000,129056.0,75,480.0
321,164,480,2000,40772.30078125,70,240.0
322,165,167,2000,15770.599609375,65,240.0
323,165,480,2000,192141.0,70,240.0
324,165,502,2000,178451.0,75,240.0
325,166,1,360000,10.0,70,40000.0
326,166,502,2000,124878.0,75,240.0
327,167,138,2000,18105.0,75,240.0
328,167,165,2000,15770.599609375,65,240.0
329,167,210,2000,93656.296875,75,240.0
330,167,337,2000,173534.0,75,240.0
331,168,169,2000,26659.19921875,75,240.0
332,168,242,4000,61622.8984375,65,480.0
333,169,168,2000,26659.19921875,75,240.0
334,169,244,2000,57780.69921875,65,240.0
335,170,347,8000,45307.30078125,65,960.0
336,170,532,8000,26940.0,65,960.0
337,171,125,8000,29966.0,65,960.0
338,171,511,6000,47440.19921875,65,720.0
339,172,320,4000,11200.099609375,55,480.0
340,172,508,4000,8595.7998046875,65,480.0
341,173,319,2000,121871.0,60,240.0
342,173,321,4000,24702.19921875,55,480.0
343,174,175,4000,20155.69921875,55,480.0
344,174,354,6000,83693.6015625,55,720.0
345,175,174,4000,20155.69921875,55,480.0
346,175,380,8000,6162.080078125,65,960.0
347,176,35,4000,68542.703125,55,480.0
348,176,300,6000,54391.5,65,720.0
349,176,345,4000,80564.0,65,480.0
350,176,546,10000,855.1179809570312,65,1200.0
351,177,353,6000,172207.0,65,720.0
352,178,1,360000,10.0,70,40000.0
353,178,434,6000,110769.0,70,720.0
354,179,286,4000,20946.69921875,65,480.0
355,179,405,4000,26883.400390625,75,480.0
356,180,1,360000,10.0,70,40000.0
357,180,110,2000,42595.30078125,55,240.0
358,181,403,4000,14364.0,70,480.0
359,182,1,360000,10.0,70,40000.0
360,182,25,4000,73759.203125,50,480.0
361,183,49,2000,59576.0,50,240.0
362,183,346,10000,776.301025390625,65,1200.0
363,184,217,6000,53828.1015625,65,720.0
364,184,528,12000,77345.6015625,75,1440.0
365,185,1,360000,10.0,70,40000.0
366,185,25,4000,54966.0,50,480.0
367,185,214,2000,6697.0,70,240.0
368,186,1,360000,10.0,70,40000.0
369,186,25,4000,48002.0,55,480.0
370,186,340,2000,114628.0,70,240.0
371,187,339,6000,53686.5,75,720.0
372,187,340,2000,46693.8984375,70,240.0
373,188,260,6000,83707.203125,65,720.0
374,188,478,4000,141853.0,65,480.0
375,189,106,2000,86625.796875,50,240.0
376,189,163,4000,24738.80078125,70,480.0
377,190,195,2000,156227.0,70,240.0
378,190,517,2000,153.6269989013672,75,240.0
379,191,486,2000,251.97900390625,75,240.0
380,192,521,2000,12422.0,60,240.0
381,193,163,4000,91686.703125,75,480.0
382,193,416,2000,55303.8984375,75,240.0
383,193,517,2000,124082.0,75,240.0
384,194,1,360000,10.0,70,40000.0
385,194,263,4000,11977.5,35,480.0
386,195,6,2000,130730.0,45,240.0
387,195,190,2000,156227.0,70,240.0
388,196,209,2000,5217.2001953125,75,240.0
389,196,366,2000,101183.0,75,240.0
390,196,516,2000,177726.0,75,240.0
391,197,477,2000,13644.099609375,45,240.0
392,198,36,4000,66476.703125,75,480.0
393,198,485,2000,20033.5,60,240.0
394,199,200,2000,80458.703125,75,240.0
395,199,201,2000,104596.0,75,240.0
396,199,513,4000,65127.8984375,75,480.0
397,199,516,8000,118737.0,75,960.0
398,200,36,4000,68902.3984375,50,480.0
399,200,199,2000,80458.703125,75,240.0
400,201,33,2000,45210.19921875,75,240.0
401,201,199,2000,104596.0,75,240.0
402,201,401,2000,49539.69921875,70,240.0
403,202,203,2000,182312.0,70,240.0
404,202,205,4000,142415.0,75,480.0
405,202,512,4000,6567.4501953125,35,480.0
406,203,202,2000,182312.0,70,240.0
407,203,454,2000,30044.19921875,70,240.0
408,204,207,6000,39398.1015625,65,720.0
409,204,453,3000,16318.0,60,360.0
410,204,454,4000,27513.19921875,45,480.0
411,205,202,4000,142415.0,75,480.0
412,205,265,4000,62902.19921875,65,480.0
413,206,265,2000,1659.93994140625,65,240.0
414,207,204,6000,39398.1015625,65,720.0
415,208,1,360000,10.0,70,40000.0
416,208,474,4000,162458.0,55,480.0
417,209,196,2000,5217.2001953125,75,240.0
418,209,264,2000,4168.02001953125,75,240.0
419,210,167,2000,93656.296875,75,240.0
420,210,341,2000,173387.0,70,240.0
421,210,379,2000,80981.5,75,240.0
422,211,341,2000,166920.0,70,240.0
423,211,528,2000,3774.169921875,70,240.0
424,212,217,4000,78830.6015625,75,480.0
425,212,336,4000,123835.0,75,480.0
426,212,529,4000,10829.099609375,50,480.0
427,213,215,2000,315.5079956054688,70,240.0
428,214,185,2000,6697.0,70,240.0
429,214,339,2000,98128.8984375,70,240.0
430,214,476,2000,108718.0,70,240.0
431,215,213,2000,315.5079956054688,70,240.0
432,215,335,2000,3902.889892578125,70,240.0
433,215,489,4000,155164.0,75,480.0
434,216,219,2000,75.7759017944336,75,240.0
435,217,184,6000,53828.1015625,65,720.0
436,217,212,4000,78830.6015625,75,480.0
437,217,336,4000,67953.3984375,75,480.0
438,218,98,2000,15836.2998046875,55,240.0
439,218,219,2000,180896.0,75,240.0
440,218,333,2000,12237.2001953125,75,240.0
441,218,364,2000,123320.0,75,240.0
442,219,216,2000,75.7759017944336,75,240.0
443,219,218,2000,180896.0,75,240.0
444,219,393,2000,138688.0,75,240.0
445,220,1,360000,10.0,70,40000.0
446,220,425,4000,43383.8984375,70,480.0
447,221,269,4000,125299.0,65,480.0
448,221,305,4000,9677.2802734375,70,480.0
449,221,307,4000,46745.30078125,70,480.0
450,222,308,4000,50491.80078125,75,480.0
451,222,359,4000,124862.0,75,480.0
452,222,411,2000,3126.889892578125,75,240.0
453,223,359,2000,4593.31005859375,30,240.0
454,224,1,360000,10.0,70,40000.0
455,224,40,2000,74324.5,60,240.0
456,224,392,4000,31719.0,45,480.0
457,225,146,2000,21163.69921875,60,240.0
458,225,398,2000,14073.900390625,55,240.0
459,225,476,4000,130005.0,65,480.0
460,226,227,4000,122.8440017700195,70,480.0
461,226,228,4000,112122.0,70,480.0
462,226,344,4000,21654.19921875,70,480.0
463,227,226,4000,122.8440017700195,70,480.0
464,227,427,4000,118707.0,70,480.0
465,228,226,4000,112122.0,70,480.0
466,228,396,2000,9460.6796875,55,240.0
467,229,30,2000,34213.8984375,75,240.0
468,229,396,2000,17416.30078125,75,240.0
469,229,429,2000,138061.0,75,240.0
470,230,152,2000,31474.30078125,55,240.0
471,230,277,2000,29831.30078125,65,240.0
472,231,277,2000,326.9880065917969,65,240.0
473,232,525,3000,312.2619934082031,70,360.0
474,233,278,4000,272433.0,60,480.0
475,234,360,4000,39746.6015625,65,480.0
476,234,361,4000,1436.43994140625,45,480.0
477,235,327,2000,88157.703125,75,240.0
478,235,432,2000,13538.2001953125,55,240.0
479,236,248,4000,52143.5,75,480.0
480,236,285,4000,34701.19921875,75,480.0
481,236,463,2000,67528.5,65,240.0
482,237,56,4000,52208.6015625,75,480.0
483,237,310,2000,238016.0,65,240.0
484,237,515,2000,12175.7998046875,55,240.0
485,238,420,4000,3560.320068359375,50,480.0
486,239,119,4000,881.9310302734375,65,480.0
487,239,242,4000,55404.80078125,65,480.0
488,239,459,2000,39859.5,50,240.0
489,240,74,2000,35116.30078125,40,240.0
490,240,119,4000,2704.169921875,65,480.0
491,240,241,2000,123384.0,60,240.0
492,241,240,2000,123384.0,60,240.0
493,242,168,4000,61622.8984375,65,480.0
494,242,239,4000,55404.80078125,65,480.0
495,242,243,2000,113109.0,60,240.0
496,243,76,2000,22298.69921875,60,240.0
497,243,242,2000,113109.0,60,240.0
498,244,169,2000,57780.69921875,65,240.0
499,244,245,2000,103941.0,65,240.0
500,245,244,2000,103941.0,65,240.0
501,246,90,4000,27543.80078125,35,480.0
502,246,523,6000,481.4840087890625,45,720.0
503,247,326,8000,80239.203125,75,960.0
504,247,448,4000,238265.0,75,480.0
505,248,117,3000,1407.56005859375,55,360.0
506,248,118,14000,16016.7001953125,65,1680.0
507,248,236,4000,52143.5,75,480.0
508,249,1,360000,10.0,70,40000.0
509,249,469,2000,6614.240234375,55,240.0
510,250,499,4000,102293.0,55,480.0
511,251,15,3000,18421.80078125,30,360.0
512,251,113,4000,16231.7998046875,55,480.0
513,251,371,4000,6953.77001953125,60,480.0
514,252,492,4000,7134.490234375,55,480.0
515,252,498,4000,72883.296875,70,480.0
516,253,492,2000,9465.33984375,55,240.0
517,253,526,4000,64038.8984375,75,480.0
518,254,524,4000,214.3679962158203,55,480.0
519,255,1,360000,10.0,70,40000.0
520,255,400,4000,112027.0,70,480.0
521,256,1,360000,10.0,70,40000.0
522,256,372,6000,93313.796875,70,720.0
523,257,311,4000,99640.296875,75,480.0
524,258,436,4000,143952.0,75,480.0
525,258,443,4000,687.2550048828125,75,480.0
526,258,522,4000,36589.3984375,60,480.0
527,259,522,4000,829.3599853515625,45,480.0
528,260,143,2000,293798.0,45,240.0
529,260,188,6000,83707.203125,65,720.0
530,260,189,12000,161326.0,65,1440.0
531,260,370,3000,70723.6015625,75,360.0
532,260,531,4000,36597.19921875,75,480.0
533,261,187,6000,162033.0,75,720.0
534,261,282,4000,25439.19921875,70,480.0
535,262,9,4000,24945.30078125,75,480.0
536,262,370,4000,21465.099609375,75,480.0
537,263,194,4000,11977.5,35,480.0
538,263,503,4000,77906.6015625,65,480.0
539,263,514,2000,244002.0,75,240.0
540,264,138,2000,193152.0,75,240.0
541,264,209,2000,4168.02001953125,75,240.0
542,264,503,2000,202375.0,75,240.0
543,265,205,4000,62902.19921875,65,480.0
544,265,206,2000,1659.93994140625,65,240.0
545,265,453,6000,17793.19921875,65,720.0
546,266,1,360000,10.0,70,40000.0
547,266,164,4000,2144.43994140625,75,480.0
548,267,1,360000,10.0,70,40000.0
549,267,409,4000,95091.1015625,75,480.0
550,268,269,2000,16737.099609375,70,240.0
551,268,373,2000,13536.0,55,240.0
552,268,374,2000,283.1119995117188,55,240.0
553,269,221,4000,125299.0,65,480.0
554,269,268,2000,16737.099609375,70,240.0
555,269,343,3000,81240.796875,70,360.0
556,270,406,4000,72505.296875,55,480.0
557,270,466,4000,18099.0,85,480.0
558,271,406,4000,61444.5,65,480.0
559,271,407,4000,1805.410034179688,35,480.0
560,272,288,8000,22385.900390625,70,960.0
561,272,289,4000,96842.703125,70,480.0
562,272,466,4000,49088.0,65,480.0
563,273,334,4000,2331.929931640625,45,480.0
564,274,500,4000,52535.5,75,480.0
565,274,501,8000,17030.30078125,75,960.0
566,275,28,3000,59317.6015625,40,360.0
567,275,336,2000,7473.169921875,60,240.0
568,276,435,4000,202462.0,65,480.0
569,276,446,4000,135820.0,75,480.0
570,276,452,2000,20444.69921875,70,240.0
571,277,230,2000,29831.30078125,65,240.0
572,277,231,2000,326.9880065917969,65,240.0
573,277,381,4000,44134.80078125,60,480.0
574,278,233,4000,272433.0,60,480.0
575,278,381,2000,3782.0400390625,60,240.0
576,279,1,360000,10.0,70,40000.0
577,279,14,4000,41216.19921875,40,480.0
578,279,468,2000,52618.80078125,75,240.0
579,280,7,2000,22024.900390625,70,240.0
580,280,324,4000,102373.0,70,480.0
581,280,367,4000,20770.80078125,75,480.0
582,281,84,2000,157236.0,70,240.0
583,281,338,2000,113.8209991455078,75,240.0
584,282,261,4000,25439.19921875,70,480.0
585,282,378,2000,118779.0,65,240.0
586,282,473,2000,45190.8984375,70,240.0
587,283,464,4000,128924.0,65,480.0
588,284,519,2000,361.9070129394531,60,240.0
589,285,77,2000,64820.69921875,65,240.0
590,285,155,4000,44056.6015625,75,480.0
591,285,236,4000,34701.19921875,75,480.0
592,285,519,2000,205714.0,70,240.0
593,286,1,360000,10.0,70,40000.0
594,286,179,4000,20946.69921875,65,480.0
595,287,1,360000,10.0,70,40000.0
596,287,435,4000,36584.6015625,60,480.0
597,288,1,360000,10.0,70,40000.0
598,288,40,4000,105514.0,55,480.0
599,288,110,3000,13735.900390625,65,360.0
600,288,272,8000,22385.900390625,70,960.0
601,289,149,2000,853.843994140625,65,240.0
602,289,272,4000,96842.703125,70,480.0
603,289,290,2000,34669.69921875,65,240.0
604,290,79,2000,1532.81005859375,55,240.0
605,290,289,2000,34669.69921875,65,240.0
606,290,382,4000,151740.0,75,480.0
607,291,153,2000,131188.0,70,240.0
608,291,325,4000,89589.3984375,75,480.0
609,291,391,4000,70868.5,60,480.0
610,292,133,6000,4213.14013671875,55,720.0
611,292,354,4000,42906.3984375,65,480.0
612,292,537,12000,52212.3984375,65,1440.0
613,292,540,14000,58527.69921875,65,1680.0
614,293,353,12000,45506.80078125,65,1440.0
615,293,462,4000,41042.3984375,65,480.0
616,293,542,12000,17867.400390625,65,1440.0
617,294,50,2000,9649.4296875,55,240.0
618,294,326,4000,18835.5,55,480.0
619,294,327,2000,166727.0,70,240.0
620,295,369,2000,53352.30078125,75,240.0
621,296,297,4000,9056.919921875,45,480.0
622,296,369,4000,6014.4599609375,45,480.0
623,297,296,4000,9056.919921875,45,480.0
624,297,368,4000,701.14501953125,65,480.0
625,298,299,2000,15120.900390625,65,240.0
626,298,368,2000,1012.609985351562,65,240.0
627,299,118,4000,83290.6015625,65,480.0
628,299,298,2000,15120.900390625,65,240.0
629,300,176,6000,54391.5,65,720.0
630,301,49,2000,50823.19921875,50,240.0
631,301,329,6000,1408.630004882812,65,720.0
632,302,123,2000,329.8290100097656,45,240.0
633,303,26,2000,16287.2998046875,70,240.0
634,303,123,6000,9490.0595703125,40,720.0
635,303,391,4000,16141.099609375,70,480.0
636,304,13,2000,115214.0,75,240.0
637,304,357,2000,493.9580078125,50,240.0
638,305,221,4000,9677.2802734375,70,480.0
639,305,410,4000,24851.30078125,55,480.0
640,305,426,4000,37306.0,75,480.0
641,306,410,4000,5071.919921875,55,480.0
642,306,411,4000,15110.2001953125,75,480.0
643,307,221,4000,46745.30078125,70,480.0
644,308,222,4000,50491.80078125,75,480.0
645,309,317,4000,44847.0,75,480.0
646,309,530,2000,24579.80078125,55,240.0
647,310,237,2000,238016.0,65,240.0
648,310,384,4000,1221.619995117188,55,480.0
649,310,458,4000,91013.0,70,480.0
650,311,257,4000,99640.296875,75,480.0
651,311,313,2000,114165.0,75,240.0
652,311,384,2000,21097.599609375,55,240.0
653,311,385,4000,2098.6201171875,75,480.0
654,312,316,4000,11821.099609375,65,480.0
655,312,505,4000,4720.0,55,480.0
656,312,506,4000,497.7420043945312,65,480.0
657,313,311,2000,114165.0,75,240.0
658,313,314,4000,122.4209976196289,75,480.0
659,314,313,4000,122.4209976196289,75,480.0
660,314,315,4000,124.2239990234375,60,480.0
661,314,506,4000,11274.2998046875,75,480.0
662,315,153,2000,18835.599609375,60,240.0
663,315,314,4000,124.2239990234375,60,480.0
664,316,153,3000,12914.5,55,360.0
665,316,312,4000,11821.099609375,65,480.0
666,316,317,4000,76387.6015625,75,480.0
667,317,309,4000,44847.0,75,480.0
668,317,316,4000,76387.6015625,75,480.0
669,317,325,4000,171837.0,75,480.0
670,318,319,4000,3897.2900390625,40,480.0
671,318,507,2000,99764.6015625,70,240.0
672,318,523,4000,122830.0,70,480.0
673,319,66,4000,56443.69921875,70,480.0
674,319,173,2000,121871.0,60,240.0
675,319,318,4000,3897.2900390625,40,480.0
676,319,448,4000,57493.6015625,70,480.0
677,320,120,4000,49504.19921875,70,480.0
678,320,172,4000,11200.099609375,55,480.0
679,320,321,4000,15721.7001953125,55,480.0
680,321,121,2000,41315.5,75,240.0
681,321,173,4000,24702.19921875,55,480.0
682,321,320,4000,15721.7001953125,55,480.0
683,322,57,2000,147004.0,55,240.0
684,322,418,2000,160458.0,70,240.0
685,322,434,12000,138371.0,75,1440.0
686,322,439,3000,9021.0,75,360.0
687,323,324,4000,11502.400390625,55,480.0
688,323,415,2000,24985.19921875,70,240.0
689,323,451,4000,41533.19921875,75,480.0
690,324,280,4000,102373.0,70,480.0
691,324,323,4000,11502.400390625,55,480.0
692,324,487,2000,80818.296875,70,240.0
693,325,291,4000,89589.3984375,75,480.0
694,325,317,4000,171837.0,75,480.0
695,326,294,4000,18835.5,55,480.0
696,326,423,8000,17061.30078125,65,960.0
697,327,22,2000,109724.0,70,240.0
698,327,235,2000,88157.703125,75,240.0
699,327,294,2000,166727.0,70,240.0
700,327,449,2000,35377.0,75,240.0
701,328,155,4000,45153.1015625,75,480.0
702,328,360,2000,114493.0,40,240.0
703,328,460,4000,129026.0,70,480.0
704,329,301,6000,1408.630004882812,65,720.0
705,329,346,14000,33741.0,65,1680.0
706,329,355,14000,66077.8984375,65,1680.0
707,329,535,10000,73760.0,65,1200.0
708,330,331,2000,101009.0,70,240.0
709,330,446,4000,49264.8984375,65,480.0
710,330,447,4000,7612.02978515625,55,480.0
711,331,147,4000,119979.0,75,480.0
712,331,330,2000,101009.0,70,240.0
713,331,382,4000,11867.599609375,75,480.0
714,331,383,2000,27854.099609375,30,240.0
715,332,182,10000,119531.0,75,1200.0
716,332,392,4000,69808.0,70,480.0
717,332,424,4000,5942.85986328125,45,480.0
718,333,145,4000,500.9289855957031,35,480.0
719,333,218,2000,12237.2001953125,75,240.0
720,333,374,2000,147598.0,65,240.0
721,333,496,2000,12148.2001953125,65,240.0
722,334,273,4000,2331.929931640625,45,480.0
723,334,364,4000,129.4969940185547,35,480.0
724,334,365,2000,30249.19921875,75,240.0
725,335,215,2000,3902.889892578125,70,240.0
726,335,365,4000,98121.6015625,75,480.0
727,335,500,4000,15196.5,75,480.0
728,335,529,2000,4974.419921875,50,240.0
729,336,212,4000,123835.0,75,480.0
730,336,217,4000,67953.3984375,75,480.0
731,336,275,2000,7473.169921875,60,240.0
732,336,393,4000,61718.5,75,480.0
733,337,167,2000,173534.0,75,240.0
734,337,341,4000,101724.0,75,480.0
735,337,512,4000,6883.64990234375,55,480.0
736,337,513,4000,11303.0,75,480.0
737,338,281,2000,113.8209991455078,75,240.0
738,338,378,2000,1567.569946289062,75,240.0
739,338,379,2000,41012.80078125,75,240.0
740,338,474,2000,157661.0,70,240.0
741,339,141,2000,1077.280029296875,75,240.0
742,339,214,2000,98128.8984375,70,240.0
743,339,340,4000,20735.900390625,75,480.0
744,340,142,4000,45.40010070800781,70,480.0
745,340,186,2000,114628.0,70,240.0
746,340,187,2000,46693.8984375,70,240.0
747,340,339,4000,20735.900390625,75,480.0
748,341,210,2000,173387.0,70,240.0
749,341,211,2000,166920.0,70,240.0
750,341,337,4000,101724.0,75,480.0
751,341,473,4000,120959.0,75,480.0
752,342,397,2000,5029.2998046875,70,240.0
753,342,398,3000,120980.0,55,360.0
754,342,424,2000,133242.0,60,240.0
755,342,475,2000,25642.0,70,240.0
756,343,269,3000,81240.796875,70,360.0
757,343,362,3000,86050.6015625,70,360.0
758,343,495,2000,89825.6015625,30,240.0
759,344,150,4000,541.6279907226562,55,480.0
760,344,226,4000,21654.19921875,70,480.0
761,344,471,2000,25971.400390625,70,240.0
762,345,176,4000,80564.0,65,480.0
763,345,525,14000,122386.0,65,1680.0
764,345,536,10000,40126.69921875,65,1200.0
765,345,538,4000,29861.69921875,60,480.0
766,346,183,10000,776.301025390625,65,1200.0
767,346,329,14000,33741.0,65,1680.0
768,346,536,14000,27594.599609375,65,1680.0
769,346,541,14000,39520.6015625,65,1680.0
770,347,159,4000,252.8190002441406,60,480.0
771,347,170,8000,45307.30078125,65,960.0
772,347,421,8000,30325.900390625,65,960.0
773,347,543,12000,73526.6015625,65,1440.0
774,348,127,4000,503.0090026855469,65,480.0
775,348,139,6000,34698.69921875,65,720.0
776,348,542,6000,4972.75,50,720.0
777,348,543,6000,19112.0,45,720.0
778,349,48,2000,122796.0,55,240.0
779,349,140,6000,29047.69921875,60,720.0
780,349,420,4000,133332.0,60,480.0
781,349,462,6000,824.4920043945312,55,720.0
782,350,130,2000,115930.0,70,240.0
783,350,376,2000,33150.30078125,60,240.0
784,350,467,8000,61401.1015625,75,960.0
785,351,383,2000,61825.8984375,60,240.0
786,351,494,2000,116849.0,70,240.0
787,351,527,10000,222155.0,75,1200.0
788,352,426,4000,83693.296875,75,480.0
789,352,427,4000,167880.0,70,480.0
790,352,494,3000,71278.0,70,360.0
791,352,495,4000,25333.80078125,75,480.0
792,353,177,6000,172207.0,65,720.0
793,353,293,12000,45506.80078125,65,1440.0
794,353,537,12000,6024.830078125,65,1440.0
795,353,539,8000,70152.6015625,60,960.0
796,354,174,6000,83693.6015625,55,720.0
797,354,292,4000,42906.3984375,65,480.0
798,354,464,6000,31257.400390625,65,720.0
799,354,465,4000,119066.0,55,480.0
800,355,329,14000,66077.8984375,65,1680.0
801,355,421,6000,7191.66015625,65,720.0
802,355,422,8000,32615.5,60,960.0
803,355,545,12000,55977.8984375,75,1440.0
804,356,247,8000,21897.400390625,75,960.0
805,356,375,4000,31835.400390625,50,480.0
806,357,304,2000,493.9580078125,50,240.0
807,357,356,8000,130034.0,55,960.0
808,357,491,2000,107871.0,70,240.0
809,358,444,8000,31911.099609375,75,960.0
810,358,445,4000,744.5650024414062,55,480.0
811,359,2,4000,62296.8984375,55,480.0
812,359,222,4000,124862.0,75,480.0
813,359,223,2000,4593.31005859375,30,240.0
814,360,3,6000,22417.400390625,75,720.0
815,360,234,4000,39746.6015625,65,480.0
816,360,328,2000,114493.0,40,240.0
817,361,3,2000,35648.3984375,35,240.0
818,361,234,4000,1436.43994140625,45,480.0
819,361,461,2000,271856.0,75,240.0
820,362,4,4000,14152.7001953125,55,480.0
821,362,343,3000,86050.6015625,70,360.0
822,362,527,3000,78946.296875,69,360.0
823,363,4,2000,78040.8984375,70,240.0
824,363,373,2000,96456.8984375,70,240.0
825,363,397,2000,121382.0,70,240.0
826,364,5,4000,29969.900390625,75,480.0
827,364,218,2000,123320.0,75,240.0
828,364,334,4000,129.4969940185547,35,480.0
829,365,5,2000,9380.4501953125,75,240.0
830,365,334,2000,30249.19921875,75,240.0
831,365,335,4000,98121.6015625,75,480.0
832,366,6,2000,35243.80078125,75,240.0
833,366,196,2000,101183.0,75,240.0
834,366,441,2000,6085.35009765625,75,240.0
835,367,7,2000,6127.89013671875,70,240.0
836,367,60,2000,112032.0,70,240.0
837,367,280,4000,20770.80078125,75,480.0
838,367,438,4000,100943.0,75,480.0
839,368,8,2000,54059.19921875,75,240.0
840,368,297,4000,701.14501953125,65,480.0
841,368,298,2000,1012.609985351562,65,240.0
842,369,8,2000,57100.6015625,75,240.0
843,369,295,2000,53352.30078125,75,240.0
844,369,296,4000,6014.4599609375,45,480.0
845,370,9,2000,13143.400390625,75,240.0
846,370,260,3000,70723.6015625,75,360.0
847,370,262,4000,21465.099609375,75,480.0
848,371,10,2000,113887.0,75,240.0
849,371,251,4000,6953.77001953125,60,480.0
850,371,388,3000,67559.3984375,55,360.0
851,372,11,2000,70551.796875,60,240.0
852,372,256,6000,93313.796875,70,720.0
853,372,399,6000,26250.099609375,70,720.0
854,373,12,2000,740.1950073242188,65,240.0
855,373,268,2000,13536.0,55,240.0
856,373,363,2000,96456.8984375,70,240.0
857,374,12,2000,12105.7001953125,70,240.0
858,374,268,2000,283.1119995117188,55,240.0
859,374,333,2000,147598.0,65,240.0
860,375,13,4000,11132.5,60,480.0
861,375,157,2000,174505.0,75,240.0
862,375,356,4000,31835.400390625,50,480.0
863,376,16,4000,52049.69921875,75,480.0
864,376,350,2000,33150.30078125,60,240.0
865,376,484,2000,181697.0,70,240.0
866,377,16,2000,913.6900024414062,75,240.0
867,377,350,8000,62400.69921875,75,960.0
868,378,17,2000,39455.8984375,75,240.0
869,378,282,2000,118779.0,65,240.0
870,378,338,2000,1567.569946289062,75,240.0
871,379,17,2000,2648.860107421875,75,240.0
872,379,210,2000,80981.5,75,240.0
873,379,338,2000,41012.80078125,75,240.0
874,380,18,2000,28355.30078125,65,240.0
875,380,175,8000,6162.080078125,65,960.0
876,380,547,4000,65762.5,60,480.0
877,381,18,2000,23623.5,55,240.0
878,381,277,4000,44134.80078125,60,480.0
879,381,278,2000,3782.0400390625,60,240.0
880,382,19,2000,10859.599609375,75,240.0
881,382,290,4000,151740.0,75,480.0
882,382,331,4000,11867.599609375,75,480.0
883,383,19,2000,8573.58984375,65,240.0
884,383,331,2000,27854.099609375,30,240.0
885,383,351,2000,61825.8984375,60,240.0
886,384,20,4000,6583.5498046875,55,480.0
887,384,310,4000,1221.619995117188,55,480.0
888,384,311,2000,21097.599609375,55,240.0
889,385,20,2000,20948.0,55,240.0
890,385,311,4000,2098.6201171875,75,480.0
891,385,493,4000,141574.0,75,480.0
892,386,21,1000,18760.69921875,60,120.0
893,386,488,8000,45502.3984375,75,960.0
894,387,22,2000,1227.699951171875,55,240.0
895,387,103,2000,33070.69921875,75,240.0
896,387,431,2000,215116.0,70,240.0
897,387,504,2000,260834.0,55,240.0
898,388,23,2000,155313.0,55,240.0
899,388,371,3000,67559.3984375,55,360.0
900,388,470,2000,42177.0,70,240.0
901,389,24,4000,121440.0,75,480.0
902,389,120,2000,63013.6015625,70,240.0
903,389,121,3000,3622.5,55,360.0
904,390,24,3000,6630.2001953125,55,360.0
905,390,95,2000,120800.0,75,240.0
906,390,121,2000,141587.0,75,240.0
907,390,491,2000,126930.0,75,240.0
908,391,26,2000,2550.010009765625,70,240.0
909,391,291,4000,70868.5,60,480.0
910,391,303,4000,16141.099609375,70,480.0
911,392,27,4000,105513.0,55,480.0
912,392,224,4000,31719.0,45,480.0
913,392,332,4000,69808.0,70,480.0
914,393,28,2000,14288.400390625,55,240.0
915,393,219,2000,138688.0,75,240.0
916,393,336,4000,61718.5,75,480.0
917,394,29,2000,87211.5,55,240.0
918,394,413,2000,65011.19921875,70,240.0
919,394,445,2000,11508.7001953125,40,240.0
920,395,29,2000,61539.3984375,70,240.0
921,395,358,8000,86890.6015625,65,960.0
922,396,30,2000,29364.099609375,75,240.0
923,396,228,2000,9460.6796875,55,240.0
924,396,229,2000,17416.30078125,75,240.0
925,397,31,2000,119655.0,70,240.0
926,397,342,2000,5029.2998046875,70,240.0
927,397,363,2000,121382.0,70,240.0
928,398,31,2000,11560.099609375,55,240.0
929,398,225,2000,14073.900390625,55,240.0
930,398,342,3000,120980.0,55,360.0
931,399,32,2000,36554.8984375,55,240.0
932,399,372,6000,26250.099609375,70,720.0
933,399,436,4000,138116.0,75,480.0
934,400,32,2000,11148.5,55,240.0
935,400,255,4000,112027.0,70,480.0
936,400,437,2000,106712.0,70,240.0
937,401,33,2000,6310.31982421875,75,240.0
938,401,138,2000,65339.6015625,70,240.0
939,401,201,2000,49539.69921875,70,240.0
940,402,34,2000,58943.3984375,70,240.0
941,402,39,2000,40341.6015625,55,240.0
942,402,408,2000,32318.900390625,55,240.0
943,402,470,4000,83618.6015625,70,480.0
944,403,35,4000,24728.5,55,480.0
945,403,181,4000,14364.0,70,480.0
946,403,518,4000,38776.1015625,70,480.0
947,404,37,4000,65411.30078125,75,480.0
948,404,469,2000,72910.703125,55,240.0
949,404,497,2000,145711.0,70,240.0
950,405,37,2000,92401.203125,55,240.0
951,405,179,4000,26883.400390625,75,480.0
952,405,515,4000,74307.6015625,75,480.0
953,406,38,4000,15678.599609375,55,480.0
954,406,270,4000,72505.296875,55,480.0
955,406,271,4000,61444.5,65,480.0
956,407,38,4000,57578.80078125,35,480.0
957,407,271,4000,1805.410034179688,35,480.0
958,407,527,4000,18826.80078125,60,480.0
959,408,39,2000,12649.099609375,60,240.0
960,408,71,4000,61948.0,55,480.0
961,408,99,4000,91306.8984375,55,480.0
962,408,402,2000,32318.900390625,55,240.0
963,408,455,4000,90529.203125,70,480.0
964,409,41,4000,105218.0,70,480.0
965,409,267,4000,95091.1015625,75,480.0
966,409,428,4000,144231.0,75,480.0
967,410,42,4000,15018.599609375,75,480.0
968,410,305,4000,24851.30078125,55,480.0
969,410,306,4000,5071.919921875,55,480.0
970,411,42,2000,6408.10009765625,75,240.0
971,411,222,2000,3126.889892578125,75,240.0
972,411,306,4000,15110.2001953125,75,480.0
973,412,43,2000,12040.0,40,240.0
974,412,157,2000,51087.30078125,55,240.0
975,412,463,2000,163419.0,75,240.0
976,413,43,2000,156956.0,75,240.0
977,413,394,2000,65011.19921875,70,240.0
978,413,459,2000,150633.0,65,240.0
979,414,44,2000,21078.099609375,75,240.0
980,414,451,4000,126037.0,75,480.0
981,414,468,4000,79240.296875,75,480.0
982,415,44,2000,158229.0,75,240.0
983,415,323,2000,24985.19921875,70,240.0
984,415,484,2000,27839.80078125,70,240.0
985,416,45,2000,3773.5400390625,30,240.0
986,416,193,2000,55303.8984375,75,240.0
987,416,486,2000,71959.203125,75,240.0
988,417,46,4000,5553.52978515625,55,480.0
989,417,437,4000,95262.796875,75,480.0
990,417,507,2000,115825.0,60,240.0
991,418,46,2000,100169.0,70,240.0
992,418,322,2000,160458.0,70,240.0
993,418,508,2000,115249.0,70,240.0
994,419,47,4000,4096.02001953125,45,480.0
995,419,68,4000,138294.0,75,480.0
996,419,450,8000,137104.0,75,960.0
997,419,510,6000,164465.0,75,720.0
998,420,48,4000,26894.80078125,55,480.0
999,420,238,4000,3560.320068359375,50,480.0
1000,420,349,4000,133332.0,60,480.0
1001,421,49,6000,29605.5,45,720.0
1002,421,347,8000,30325.900390625,65,960.0
1003,421,355,6000,7191.66015625,65,720.0
1004,422,49,4000,2375.14990234375,60,480.0
1005,422,355,8000,32615.5,60,960.0
1006,422,539,8000,46899.80078125,60,960.0
1007,423,50,4000,21063.900390625,35,480.0
1008,423,325,8000,24145.69921875,65,960.0
1009,424,51,4000,1813.829956054688,55,480.0
1010,424,332,4000,5942.85986328125,45,480.0
1011,424,342,2000,133242.0,60,240.0
1012,425,51,2000,98250.203125,55,240.0
1013,425,220,4000,43383.8984375,70,480.0
1014,425,475,2000,47593.0,70,240.0
1015,426,52,2000,131814.0,75,240.0
1016,426,305,4000,37306.0,75,480.0
1017,426,352,4000,83693.296875,75,480.0
1018,427,52,2000,279.6470031738281,55,240.0
1019,427,227,4000,118707.0,70,480.0
1020,427,352,4000,167880.0,70,480.0
1021,428,53,4000,4765.330078125,75,480.0
1022,428,409,4000,144231.0,75,480.0
1023,428,479,4000,188944.0,75,480.0
1024,429,54,2000,7380.169921875,75,240.0
1025,429,148,2000,25836.900390625,65,240.0
1026,429,229,2000,138061.0,75,240.0
1027,430,54,2000,138464.0,70,240.0
1028,430,151,2000,240878.0,70,240.0
1029,430,152,4000,16710.69921875,55,480.0
1030,431,55,4000,1506.739990234375,70,480.0
1031,431,387,2000,215116.0,70,240.0
1032,431,530,4000,3042.830078125,70,480.0
1033,432,55,2000,2857.77001953125,55,240.0
1034,432,235,2000,13538.2001953125,55,240.0
1035,432,530,2000,1106.359985351562,55,240.0
1036,433,56,4000,17103.19921875,75,480.0
1037,433,73,4000,90349.796875,75,480.0
1038,433,458,2000,101159.0,75,240.0
1039,433,515,4000,57923.69921875,75,480.0
1040,434,57,2000,46666.80078125,65,240.0
1041,434,87,6000,38342.8984375,60,720.0
1042,434,178,6000,110769.0,70,720.0
1043,435,58,2000,40610.30078125,80,240.0
1044,435,276,4000,202462.0,65,480.0
1045,435,287,4000,36584.6015625,60,480.0
1046,436,59,2000,2378.030029296875,75,240.0
1047,436,258,4000,143952.0,75,480.0
1048,436,399,4000,138116.0,75,480.0
1049,437,59,2000,104979.0,70,240.0
1050,437,400,2000,106712.0,70,240.0
1051,437,417,4000,95262.796875,75,480.0
1052,438,60,2000,58235.30078125,70,240.0
1053,438,367,4000,100943.0,75,480.0
1054,438,518,4000,129118.0,75,480.0
1055,439,61,3000,7290.6298828125,75,360.0
1056,439,322,3000,9021.0,75,360.0
1057,440,62,2000,25119.900390625,75,240.0
1058,440,517,4000,180462.0,75,480.0
1059,441,62,2000,120482.0,75,240.0
1060,441,366,2000,6085.35009765625,75,240.0
1061,441,477,2000,124533.0,65,240.0
1062,442,63,2000,132084.0,70,240.0
1063,442,455,4000,64065.8984375,55,480.0
1064,442,498,4000,25374.30078125,55,480.0
1065,443,63,2000,115689.0,70,240.0
1066,443,258,4000,687.2550048828125,75,480.0
1067,443,526,4000,79328.0,75,480.0
1068,444,64,2000,14529.7001953125,75,240.0
1069,444,357,8000,72804.6015625,75,960.0
1070,445,64,2000,38555.69921875,75,240.0
1071,445,358,4000,744.5650024414062,55,480.0
1072,445,394,2000,11508.7001953125,40,240.0
1073,446,65,4000,2674.85009765625,75,480.0
1074,446,276,4000,135820.0,75,480.0
1075,446,330,4000,49264.8984375,65,480.0
1076,447,65,4000,45564.0,75,480.0
1077,447,180,8000,246518.0,65,960.0
1078,447,330,4000,7612.02978515625,55,480.0
1079,448,66,2000,3025.590087890625,70,240.0
1080,448,247,4000,238265.0,75,480.0
1081,448,319,4000,57493.6015625,70,480.0
1082,449,67,2000,29782.80078125,55,240.0
1083,449,327,2000,35377.0,75,240.0
1084,449,460,2000,259353.0,75,240.0
1085,450,68,2000,10970.400390625,70,240.0
1086,450,377,8000,121088.0,75,960.0
1087,451,69,2000,117536.0,70,240.0
1088,451,323,4000,41533.19921875,75,480.0
1089,451,414,4000,126037.0,75,480.0
1090,452,69,2000,39418.69921875,70,240.0
1091,452,276,2000,20444.69921875,70,240.0
1092,452,487,4000,46691.0,50,480.0
1093,453,70,4000,13306.7001953125,55,480.0
1094,453,204,3000,16318.0,60,360.0
1095,453,265,6000,17793.19921875,65,720.0
1096,454,70,2000,8420.6103515625,70,240.0
1097,454,203,2000,30044.19921875,70,240.0
1098,454,204,4000,27513.19921875,45,480.0
1099,455,71,4000,4731.75,55,480.0
1100,455,408,4000,90529.203125,70,480.0
1101,455,442,4000,64065.8984375,55,480.0
1102,456,72,2000,6558.22998046875,55,240.0
1103,456,129,4000,7576.97998046875,55,480.0
1104,456,130,2000,112020.0,70,240.0
1105,457,72,2000,7095.169921875,70,240.0
1106,457,439,12000,164186.0,75,1440.0
1107,458,73,4000,2362.14990234375,75,480.0
1108,458,310,4000,91013.0,70,480.0
1109,458,433,2000,101159.0,75,240.0
1110,459,74,2000,23138.099609375,50,240.0
1111,459,239,2000,39859.5,50,240.0
1112,459,413,2000,150633.0,65,240.0
1113,460,75,2000,26034.400390625,75,240.0
1114,460,328,4000,129026.0,70,480.0
1115,460,449,2000,259353.0,75,240.0
1116,461,75,2000,62371.8984375,75,240.0
1117,461,361,2000,271856.0,75,240.0
1118,461,504,2000,26852.900390625,75,240.0
1119,462,76,4000,114130.0,65,480.0
1120,462,293,4000,41042.3984375,65,480.0
1121,462,349,6000,824.4920043945312,55,720.0
1122,463,77,2000,28105.5,65,240.0
1123,463,236,2000,67528.5,65,240.0
1124,463,412,2000,163419.0,75,240.0
1125,464,78,2000,110487.0,55,240.0
1126,464,283,4000,128924.0,65,480.0
1127,464,354,6000,31257.400390625,65,720.0
1128,465,78,2000,6055.64013671875,65,240.0
1129,465,134,4000,39709.69921875,65,480.0
1130,465,354,4000,119066.0,55,480.0
1131,466,79,2000,120818.0,65,240.0
1132,466,270,4000,18099.0,85,480.0
1133,466,272,4000,49088.0,65,480.0
1134,467,80,2000,133881.0,70,240.0
1135,467,457,8000,34635.8984375,75,960.0
1136,468,80,2000,110137.0,70,240.0
1137,468,91,2000,145049.0,70,240.0
1138,468,279,2000,52618.80078125,75,240.0
1139,468,414,4000,79240.296875,75,480.0
1140,469,81,2000,109760.0,70,240.0
1141,469,249,2000,6614.240234375,55,240.0
1142,469,404,2000,72910.703125,55,240.0
1143,470,81,2000,74166.1015625,55,240.0
1144,470,388,2000,42177.0,70,240.0
1145,470,402,4000,83618.6015625,70,480.0
1146,471,82,2000,59872.69921875,70,240.0
1147,471,151,4000,55122.80078125,70,480.0
1148,471,344,2000,25971.400390625,70,240.0
1149,472,83,2000,24531.0,75,240.0
1150,472,261,10000,67153.703125,75,1200.0
1151,473,83,2000,1746.569946289062,55,240.0
1152,473,282,2000,45190.8984375,70,240.0
1153,473,341,4000,120959.0,75,480.0
1154,474,84,2000,3924.669921875,70,240.0
1155,474,208,4000,162458.0,55,480.0
1156,474,338,2000,157661.0,70,240.0
1157,475,85,2000,32277.5,70,240.0
1158,475,342,2000,25642.0,70,240.0
1159,475,425,2000,47593.0,70,240.0
1160,476,85,2000,23695.0,65,240.0
1161,476,214,2000,108718.0,70,240.0
1162,476,225,4000,130005.0,65,480.0
1163,477,86,2000,78939.0,55,240.0
1164,477,197,2000,13644.099609375,45,240.0
1165,477,441,2000,124533.0,65,240.0
1166,478,86,2000,70357.203125,55,240.0
1167,478,188,4000,141853.0,65,480.0
1168,478,514,2000,294866.0,65,240.0
1169,479,88,2000,54569.30078125,70,240.0
1170,479,164,4000,129056.0,75,480.0
1171,479,428,4000,188944.0,75,480.0
1172,480,88,2000,123432.0,70,240.0
1173,480,164,2000,40772.30078125,70,240.0
1174,480,165,2000,192141.0,70,240.0
1175,481,89,2000,90081.8984375,70,240.0
1176,481,386,8000,64023.5,60,960.0
1177,482,89,2000,48822.69921875,75,240.0
1178,482,148,10000,93166.703125,75,1200.0
1179,483,90,2000,288.4089965820312,55,240.0
1180,483,111,4000,4591.91015625,55,480.0
1181,483,523,3000,33840.19921875,45,360.0
1182,484,91,2000,5458.31005859375,60,240.0
1183,484,376,2000,181697.0,70,240.0
1184,484,415,2000,27839.80078125,70,240.0
1185,485,92,2000,140034.0,75,240.0
1186,485,198,2000,20033.5,60,240.0
1187,485,516,4000,97002.6015625,30,480.0
1188,486,92,2000,150643.0,75,240.0
1189,486,191,2000,251.97900390625,75,240.0
1190,486,416,2000,71959.203125,75,240.0
1191,487,93,2000,103888.0,70,240.0
1192,487,324,2000,80818.296875,70,240.0
1193,487,452,4000,46691.0,50,480.0
1194,488,93,4000,112242.0,70,480.0
1195,488,330,4000,125619.0,75,480.0
1196,489,94,2000,2204.02001953125,75,240.0
1197,489,146,2000,154762.0,55,240.0
1198,489,215,4000,155164.0,75,480.0
1199,490,94,2000,82649.203125,75,240.0
1200,490,472,10000,64824.6015625,75,1200.0
1201,491,95,2000,8805.2802734375,75,240.0
1202,491,357,2000,107871.0,70,240.0
1203,491,390,2000,126930.0,75,240.0
1204,492,96,4000,38990.3984375,50,480.0
1205,492,252,4000,7134.490234375,55,480.0
1206,492,253,2000,9465.33984375,55,240.0
1207,493,96,4000,16537.30078125,65,480.0
1208,493,124,4000,3875.25,75,480.0
1209,493,385,4000,141574.0,75,480.0
1210,494,97,2000,9499.51953125,70,240.0
1211,494,351,2000,116849.0,70,240.0
1212,494,352,3000,71278.0,70,360.0
1213,495,97,3000,65929.796875,70,360.0
1214,495,343,2000,89825.6015625,30,240.0
1215,495,352,4000,25333.80078125,75,480.0
1216,496,98,2000,2836.530029296875,75,240.0
1217,496,146,2000,160079.0,70,240.0
1218,496,333,2000,12148.2001953125,65,240.0
1219,497,99,4000,10092.2001953125,55,480.0
1220,497,404,2000,145711.0,70,240.0
1221,497,499,4000,152567.0,55,480.0
1222,498,100,4000,325.6960144042969,55,480.0
1223,498,252,4000,72883.296875,70,480.0
1224,498,442,4000,25374.30078125,55,480.0
1225,499,100,2000,58938.3984375,60,240.0
1226,499,250,4000,102293.0,55,480.0
1227,499,497,4000,152567.0,55,480.0
1228,500,101,2000,4004.860107421875,75,240.0
1229,500,274,4000,52535.5,75,480.0
1230,500,335,4000,15196.5,75,480.0
1231,501,101,2000,49615.5,75,240.0
1232,501,490,10000,146255.0,75,1200.0
1233,502,102,2000,1920.2099609375,75,240.0
1234,502,165,2000,178451.0,75,240.0
1235,502,166,2000,124878.0,75,240.0
1236,503,102,2000,66323.203125,75,240.0
1237,503,263,4000,77906.6015625,65,480.0
1238,503,264,2000,202375.0,75,240.0
1239,504,103,2000,15761.5,75,240.0
1240,504,387,2000,260834.0,55,240.0
1241,504,461,2000,26852.900390625,75,240.0
1242,505,104,4000,926.5029907226562,65,480.0
1243,505,156,4000,116288.0,55,480.0
1244,505,312,4000,4720.0,55,480.0
1245,506,104,4000,4784.64990234375,65,480.0
1246,506,312,4000,497.7420043945312,65,480.0
1247,506,314,4000,11274.2998046875,75,480.0
1248,507,105,2000,95322.0,70,240.0
1249,507,318,2000,99764.6015625,70,240.0
1250,507,417,2000,115825.0,60,240.0
1251,508,105,4000,10428.0,70,480.0
1252,508,172,4000,8595.7998046875,65,480.0
1253,508,418,2000,115249.0,70,240.0
1254,509,106,4000,8086.31005859375,30,480.0
1255,509,160,2000,61872.5,55,240.0
1256,509,161,2000,59223.69921875,55,240.0
1257,510,107,4000,11028.400390625,55,480.0
1258,510,419,6000,164465.0,75,720.0
1259,510,533,10000,75043.3984375,65,1200.0
1260,511,107,2000,104979.0,55,240.0
1261,511,171,6000,47440.19921875,65,720.0
1262,511,532,8000,11908.2998046875,65,960.0
1263,512,108,4000,5311.35009765625,40,480.0
1264,512,202,4000,6567.4501953125,35,480.0
1265,512,337,4000,6883.64990234375,55,480.0
1266,513,108,2000,5002.4599609375,75,240.0
1267,513,199,4000,65127.8984375,75,480.0
1268,513,337,4000,11303.0,75,480.0
1269,514,109,2000,47302.3984375,75,240.0
1270,514,263,2000,244002.0,75,240.0
1271,514,478,2000,294866.0,65,240.0
1272,515,237,2000,12175.7998046875,55,240.0
1273,515,405,4000,74307.6015625,75,480.0
1274,515,433,4000,57923.69921875,75,480.0
1275,516,196,2000,177726.0,75,240.0
1276,516,440,4000,67125.6015625,75,480.0
1277,516,485,4000,97002.6015625,30,480.0
1278,517,190,2000,153.6269989013672,75,240.0
1279,517,193,2000,124082.0,75,240.0
1280,517,262,8000,39375.19921875,75,960.0
1281,518,403,4000,38776.1015625,70,480.0
1282,518,438,4000,129118.0,75,480.0
1283,518,481,8000,52768.3984375,70,960.0
1284,519,158,2000,10763.599609375,65,240.0
1285,519,284,2000,361.9070129394531,60,240.0
1286,519,285,2000,205714.0,70,240.0
1287,520,136,4000,482.8869934082031,60,480.0
1288,520,160,4000,101054.0,65,480.0
1289,520,161,12000,17653.0,70,1440.0
1290,521,143,4000,7055.39013671875,40,480.0
1291,521,144,6000,109195.0,65,720.0
1292,521,192,2000,12422.0,60,240.0
1293,521,520,12000,66683.5,70,1440.0
1294,522,258,4000,36589.3984375,60,480.0
1295,522,259,4000,829.3599853515625,45,480.0
1296,522,523,3000,41461.1015625,50,360.0
1297,522,524,2000,18532.900390625,55,240.0
1298,523,246,6000,481.4840087890625,45,720.0
1299,523,318,4000,122830.0,70,480.0
1300,523,483,3000,33840.19921875,45,360.0
1301,523,522,3000,41461.1015625,50,360.0
1302,524,111,4000,2542.1201171875,50,480.0
1303,524,254,4000,214.3679962158203,55,480.0
1304,524,522,2000,18532.900390625,55,240.0
1305,524,526,4000,49286.80078125,75,480.0
1306,525,152,3000,58866.69921875,70,360.0
1307,525,232,3000,312.2619934082031,70,360.0
1308,525,482,10000,33842.30078125,65,1200.0
1309,526,124,4000,94995.296875,75,480.0
1310,526,253,4000,64038.8984375,75,480.0
1311,526,443,4000,79328.0,75,480.0
1312,526,524,4000,49286.80078125,75,480.0
1313,527,332,10000,116810.0,75,1200.0
1314,527,362,3000,78946.296875,69,360.0
1315,527,407,4000,18826.80078125,60,480.0
1316,528,211,2000,3774.169921875,70,240.0
1317,528,274,8000,13850.0,75,960.0
1318,529,212,4000,10829.099609375,50,480.0
1319,529,335,2000,4974.419921875,50,240.0
1320,530,67,2000,145600.0,75,240.0
1321,530,309,2000,24579.80078125,55,240.0
1322,530,431,4000,3042.830078125,70,480.0
1323,530,432,2000,1106.359985351562,55,240.0
1324,531,162,2000,411.9200134277344,55,240.0
1325,531,163,2000,146927.0,55,240.0
1326,531,262,4000,55591.5,75,480.0
1327,532,170,8000,26940.0,65,960.0
1328,532,511,8000,11908.2998046875,65,960.0
1329,532,544,4000,65942.203125,75,480.0
1330,533,510,10000,75043.3984375,65,1200.0
1331,533,544,8000,8539.7001953125,65,1342.6
1332,533,545,10000,5130.4599609375,65,1200.0
1333,534,49,2000,16438.80078125,50,240.0
1334,534,544,8000,102691.0,65,10852.87
1335,535,329,10000,73760.0,65,1200.0
1336,535,546,10000,9413.830078125,65,1200.0
1337,536,345,10000,40126.69921875,65,1200.0
1338,536,346,14000,27594.599609375,65,1680.0
1339,537,292,12000,52212.3984375,65,1440.0
1340,537,353,12000,6024.830078125,65,1440.0
1341,538,345,4000,29861.69921875,60,480.0
1342,538,547,4000,1503.079956054688,60,480.0
1343,539,353,8000,70152.6015625,60,960.0
1344,539,422,8000,46899.80078125,60,960.0
1345,540,292,14000,58527.69921875,65,1680.0
1346,540,548,14000,4036.47998046875,65,1680.0
1347,541,346,14000,39520.6015625,65,1680.0
1348,541,548,14000,5996.27001953125,65,1680.0
1349,542,293,12000,17867.400390625,65,1440.0
1350,542,348,6000,4972.75,50,720.0
1351,543,347,12000,73526.6015625,65,1440.0
1352,543,348,6000,19112.0,45,720.0
1353,544,532,4000,65942.203125,75,480.0
1354,544,533,8000,8539.7001953125,65,1342.6
1355,544,534,8000,102691.0,65,10852.87
1356,544,545,4000,6622.06005859375,75,480.0
1357,545,355,12000,55977.8984375,75,1440.0
1358,545,533,10000,5130.4599609375,65,1200.0
1359,545,544,4000,6622.06005859375,75,480.0
1360,545,546,4000,127037.0,75,480.0
1361,546,176,10000,855.1179809570312,65,1200.0
1362,546,535,10000,9413.830078125,65,1200.0
1363,546,545,4000,127037.0,75,480.0
1364,547,380,4000,65762.5,60,480.0
1365,547,538,4000,1503.079956054688,60,480.0
1366,548,540,14000,4036.47998046875,65,1680.0
1367,548,541,14000,5996.27001953125,65,1680.0
